{"repos":{"nparashuram/seamcarving":{"source":{"./projects/version_1_new/files/nparashuram_seamcarving/Gruntfile.js":{"noF":1,"locF":{"total":22,"avg":22,"med":22,"min":22,"max":22,"values":[22]},"loclF":{"total":10,"avg":10,"med":10,"min":10,"max":10,"values":[10]},"ccF":{"total":1,"avg":1,"med":1,"min":1,"max":1,"values":[1]},"hbugsF":{"total":0.063,"avg":0.063,"med":0.063,"min":0.063,"max":0.063,"values":[0.063]},"hdiffF":{"total":3.706,"avg":3.706,"med":3.706,"min":3.706,"max":3.706,"values":[3.706]},"heffortF":{"total":704.079,"avg":704.079,"med":704.079,"min":704.079,"max":704.079,"values":[704.079]},"hlengthF":{"total":42,"avg":42,"med":42,"min":42,"max":42,"values":[42]},"htimeF":{"total":39.116,"avg":39.116,"med":39.116,"min":39.116,"max":39.116,"values":[39.116]},"hvocabF":{"total":23,"avg":23,"med":23,"min":23,"max":23,"values":[23]},"hvolF":{"total":189.99,"avg":189.99,"med":189.99,"min":189.99,"max":189.99,"values":[189.99]},"paramF":{"total":1,"avg":1,"med":1,"min":1,"max":1,"values":[1]},"dpF":{"total":1,"avg":1,"med":1,"min":1,"max":1,"values":[1]},"ecM":0,"acM":0,"locM":23,"loccM":4,"loclM":12,"ccM":2,"hbugsM":0.076,"hdiffM":5.053,"heffortM":1153.185,"hlengthM":48,"htimeM":64.066,"hvocabM":27,"hvolM":228.235,"paramM":1,"maintainM":120.232,"nofM":1,"dpM":1,"mcM":4},"./projects/version_1_new/files/nparashuram_seamcarving/main.js":{"noF":13,"locF":{"total":338,"avg":26,"med":6,"min":3,"max":124,"values":[124,3,4,73,59,25,13,6,3,3,3,18,4]},"loclF":{"total":133,"avg":10.23076923076923,"med":8,"min":2,"max":23,"values":[23,4,5,16,23,22,12,8,2,2,2,11,3]},"ccF":{"total":18,"avg":1.3846153846153846,"med":1,"min":1,"max":3,"values":[1,1,1,1,1,3,1,2,1,1,1,3,1]},"hbugsF":{"total":0.804,"avg":0.06184615384615385,"med":0.054,"min":0.005,"max":0.19,"values":[0.089,0.013,0.016,0.09,0.177,0.19,0.057,0.054,0.007,0.007,0.005,0.083,0.016]},"hdiffF":{"total":64.533,"avg":4.964076923076923,"med":3.231,"min":1,"max":20.696,"values":[3.9,2.25,2.4,5.087,5.438,20.696,3.231,6.375,1.5,1.5,1,10.156,1]},"heffortF":{"total":21523.948999999997,"avg":1655.6883846153844,"med":554.637,"min":13.932,"max":11785.063,"values":[1044.908,88.432,115.2,1373.478,2882.096,11785.063,554.637,1036.038,33.688,33.688,13.932,2516.282,46.507]},"hlengthF":{"total":515,"avg":39.61538461538461,"med":37,"min":6,"max":107,"values":[57,14,16,54,101,107,42,37,8,8,6,51,14]},"htimeF":{"total":1195.7750000000003,"avg":91.98269230769233,"med":30.813,"min":0.774,"max":654.726,"values":[58.05,4.913,6.4,76.304,160.116,654.726,30.813,57.558,1.872,1.872,0.774,139.793,2.584]},"hvocabF":{"total":247,"avg":19,"med":17,"min":5,"max":40,"values":[26,7,8,32,38,40,17,21,7,7,5,29,10]},"hvolF":{"total":2412.0179999999996,"avg":185.53984615384613,"med":162.516,"min":13.932,"max":569.446,"values":[267.925,39.303,48,270,530.041,569.446,171.673,162.516,22.459,22.459,13.932,247.757,46.507]},"paramF":{"total":4,"avg":0.3076923076923077,"med":0,"min":0,"max":1,"values":[0,0,0,0,0,1,0,1,0,0,0,1,1]},"dpF":{"total":23,"avg":2.090909090909091,"med":1,"min":1,"max":6,"values":[6,1,1,4,3,1,1,1,1,3,1]},"ecM":0,"acM":0,"locM":124,"loccM":1,"loclM":136,"ccM":19,"hbugsM":1.233,"hdiffM":32.821,"heffortM":121426.77,"hlengthM":522,"htimeM":6745.932,"hvocabM":136,"hvolM":3699.656,"paramM":4,"maintainM":102.85,"nofM":13,"dpM":6,"mcM":69},"./projects/version_1_new/files/nparashuram_seamcarving/SeamCarver.js":{"noF":12,"locF":{"total":207,"avg":17.25,"med":12,"min":3,"max":56,"values":[10,3,5,9,17,6,27,7,56,16,14,37]},"loclF":{"total":162,"avg":13.5,"med":9.5,"min":1,"max":37,"values":[8,1,3,6,13,5,30,5,37,13,11,30]},"ccF":{"total":54,"avg":4.5,"med":3.5,"min":1,"max":18,"values":[1,1,1,1,2,3,4,5,18,4,5,9]},"hbugsF":{"total":2.0109999999999997,"avg":0.1675833333333333,"med":0.1155,"min":0.004,"max":0.568,"values":[0.055,0.004,0.014,0.093,0.164,0.063,0.369,0.071,0.568,0.138,0.143,0.329]},"hdiffF":{"total":200.245,"avg":16.687083333333334,"med":11.875,"min":1,"max":49.603,"values":[5.115,1,3.125,8.667,14.348,9.5,43.6,11,49.603,12.75,14.778,26.759]},"heffortF":{"total":185472.351,"avg":15456.02925,"med":3856.036,"min":11.61,"max":84546.328,"values":[840.116,11.61,128.778,2414.805,7077.857,1782.643,48237.468,2338.682,84546.328,5297.267,6354.444,26442.353]},"hlengthF":{"total":1166,"avg":97.16666666666667,"med":70.5,"min":5,"max":302,"values":[38,5,13,60,94,45,214,47,302,81,86,181]},"htimeF":{"total":10304.02,"avg":858.6683333333334,"med":214.2245,"min":0.645,"max":4697.018,"values":[46.673,0.645,7.154,134.156,393.214,99.036,2679.859,129.927,4697.018,294.293,353.025,1469.02]},"hvocabF":{"total":335,"avg":27.916666666666668,"med":28.5,"min":5,"max":50,"values":[20,5,9,25,38,18,36,23,50,35,32,44]},"hvolF":{"total":6033.679999999999,"avg":502.8066666666666,"med":347.0515,"min":11.61,"max":1704.445,"values":[164.233,11.61,41.209,278.631,493.305,187.647,1106.364,212.607,1704.445,415.472,430,988.157]},"paramF":{"total":11,"avg":0.9166666666666666,"med":1,"min":0,"max":3,"values":[1,1,1,2,3,0,0,2,0,0,0,1]},"dpF":{"total":26,"avg":2.3636363636363638,"med":2,"min":1,"max":5,"values":[1,1,1,2,1,3,2,4,3,3,5]},"ecM":0,"acM":0,"locM":222,"loccM":16,"loclM":183,"ccM":56,"hbugsM":2.903,"hdiffM":98.189,"heffortM":855024.228,"hlengthM":1246,"htimeM":47501.346,"hvocabM":127,"hvolM":8707.901,"paramM":11,"maintainM":88.757,"nofM":12,"dpM":5,"mcM":47}},"test":{"./projects/version_1/files/nparashuram_seamcarving/OTHER-SeamCarver.js":{"lcovM":7.87,"fcovM":0,"scovM":6.89,"bcovM":4.54}},"testConnections":{"OTHER":["./projects/version_1_new/files/nparashuram_seamcarving/SeamCarver.js","./projects/version_1/files/nparashuram_seamcarving/SeamCarver.js"]}},"petruisfan/node-supervisor":{"source":{"./projects/version_1_new/files/petruisfan_node_supervisor/lib/cli-wrapper.js":{"noF":0,"locF":{"total":null,"avg":null,"med":null,"min":null,"max":null,"values":[]},"loclF":{"total":null,"avg":null,"med":null,"min":null,"max":null,"values":[]},"ccF":{"total":null,"avg":null,"med":null,"min":null,"max":null,"values":[]},"hbugsF":{"total":null,"avg":null,"med":null,"min":null,"max":null,"values":[]},"hdiffF":{"total":null,"avg":null,"med":null,"min":null,"max":null,"values":[]},"heffortF":{"total":null,"avg":null,"med":null,"min":null,"max":null,"values":[]},"hlengthF":{"total":null,"avg":null,"med":null,"min":null,"max":null,"values":[]},"htimeF":{"total":null,"avg":null,"med":null,"min":null,"max":null,"values":[]},"hvocabF":{"total":null,"avg":null,"med":null,"min":null,"max":null,"values":[]},"hvolF":{"total":null,"avg":null,"med":null,"min":null,"max":null,"values":[]},"paramF":{"total":null,"avg":null,"med":null,"min":null,"max":null,"values":[]},"dpF":{"total":null,"avg":null,"med":null,"min":null,"max":null,"values":[]},"ecM":3,"acM":0,"locM":13,"loccM":0,"loclM":18,"ccM":3,"hbugsM":0.091,"hdiffM":6,"heffortM":1644.115,"hlengthM":57,"htimeM":91.34,"hvocabM":28,"hvolM":274.019,"paramM":0,"maintainM":97.752,"nofM":0,"dpM":0,"mcM":9},"./projects/version_1_new/files/petruisfan_node_supervisor/lib/supervisor.js":{"noF":34,"locF":{"total":681,"avg":20.029411764705884,"med":10,"min":1,"max":236,"values":[236,1,7,11,9,15,13,7,1,10,5,13,3,1,96,29,4,1,1,10,7,22,14,19,5,19,17,4,18,9,33,28,10,3]},"loclF":{"total":456,"avg":13.411764705882353,"med":4,"min":0,"max":185,"values":[185,0,4,2,6,2,8,4,1,4,4,8,1,2,93,18,3,2,2,8,4,6,10,12,3,2,11,4,11,6,6,17,5,2]},"ccF":{"total":158,"avg":4.647058823529412,"med":2,"min":1,"max":70,"values":[70,1,2,1,2,1,3,2,1,4,1,3,1,1,1,4,2,2,2,7,2,2,3,7,3,1,4,2,4,3,3,10,2,1]},"hbugsF":{"total":2.959999999999998,"avg":0.08705882352941172,"med":0.020999999999999998,"min":0,"max":1.575,"values":[1.575,0,0.017,0.006,0.022,0.005,0.04,0.018,0.003,0.031,0.023,0.041,0.003,0.007,0.385,0.152,0.016,0.006,0.006,0.09,0.011,0.02,0.044,0.073,0.022,0.01,0.07,0.009,0.065,0.029,0.032,0.1,0.02,0.009]},"hdiffF":{"total":152.05800000000002,"avg":4.47229411764706,"med":3.028,"min":0,"max":34.008,