{
	"repos": {
		"nparashuram/seamcarving": {
			"source": {
				"locM": {
					"total": 369,
					"avg": 123,
					"med": 124,
					"min": 23,
					"max": 222
				},
				"loccM": {
					"total": 21,
					"avg": 7,
					"med": 4,
					"min": 1,
					"max": 16
				},
				"loclM": {
					"total": 331,
					"avg": 110.33333333333333,
					"med": 136,
					"min": 12,
					"max": 183
				},
				"ccM": {
					"total": 77,
					"avg": 25.666666666666668,
					"med": 19,
					"min": 2,
					"max": 56
				},
				"hbugsM": {
					"total": 4.212,
					"avg": 1.404,
					"med": 1.233,
					"min": 0.076,
					"max": 2.903
				},
				"hdiffM": {
					"total": 136.063,
					"avg": 45.35433333333333,
					"med": 32.821,
					"min": 5.053,
					"max": 98.189
				},
				"heffortM": {
					"total": 977604.183,
					"avg": 325868.061,
					"med": 121426.77,
					"min": 1153.185,
					"max": 855024.228
				},
				"hlengthM": {
					"total": 1816,
					"avg": 605.3333333333334,
					"med": 522,
					"min": 48,
					"max": 1246
				},
				"htimeM": {
					"total": 54311.344,
					"avg": 18103.781333333332,
					"med": 6745.932,
					"min": 64.066,
					"max": 47501.346
				},
				"hvocabM": {
					"total": 290,
					"avg": 96.66666666666667,
					"med": 127,
					"min": 27,
					"max": 136
				},
				"hvolM": {
					"total": 12635.792,
					"avg": 4211.930666666666,
					"med": 3699.656,
					"min": 228.235,
					"max": 8707.901
				},
				"paramM": {
					"total": 16,
					"avg": 5.333333333333333,
					"med": 4,
					"min": 1,
					"max": 11
				},
				"maintainM": {
					"total": 311.839,
					"avg": 103.94633333333333,
					"med": 102.85,
					"min": 88.757,
					"max": 120.232
				},
				"dpM": {
					"total": 12,
					"avg": 4,
					"med": 5,
					"min": 1,
					"max": 6
				},
				"noFpM": {
					"total": 26,
					"avg": 8.666666666666666,
					"med": 12,
					"min": 1,
					"max": 13
				},
				"ecM": {
					"total": 0,
					"avg": 0,
					"med": 0,
					"min": 0,
					"max": 0
				},
				"acM": {
					"total": 0,
					"avg": 0,
					"med": 0,
					"min": 0,
					"max": 0
				},
				"mcM": {
					"total": 120,
					"avg": 40,
					"med": 47,
					"min": 4,
					"max": 69
				},
				"locF": {
					"total": 567,
					"avg": 21.807692307692307,
					"med": 11.5,
					"min": 3,
					"max": 124
				},
				"loclF": {
					"total": 305,
					"avg": 11.73076923076923,
					"med": 9,
					"min": 1,
					"max": 37
				},
				"ccF": {
					"total": 73,
					"avg": 2.8076923076923075,
					"med": 1,
					"min": 1,
					"max": 18
				},
				"hbugsF": {
					"total": 2.8779999999999997,
					"avg": 0.11069230769230767,
					"med": 0.067,
					"min": 0.004,
					"max": 0.568
				},
				"hdiffF": {
					"total": 268.484,
					"avg": 10.326307692307692,
					"med": 5.2765,
					"min": 1,
					"max": 49.603
				},
				"heffortF": {
					"total": 207700.379,
					"avg": 7988.476115384615,
					"med": 1209.193,
					"min": 11.61,
					"max": 84546.328
				},
				"hlengthF": {
					"total": 1723,
					"avg": 66.26923076923077,
					"med": 46,
					"min": 5,
					"max": 302
				},
				"htimeF": {
					"total": 11538.911,
					"avg": 443.80426923076925,
					"med": 67.17699999999999,
					"min": 0.645,
					"max": 4697.018
				},
				"hvocabF": {
					"total": 605,
					"avg": 23.26923076923077,
					"med": 23,
					"min": 5,
					"max": 50
				},
				"hvolF": {
					"total": 8635.687999999998,
					"avg": 332.1418461538461,
					"med": 201.2985,
					"min": 11.61,
					"max": 1704.445
				},
				"paramF": {
					"total": 16,
					"avg": 0.6153846153846154,
					"med": 0,
					"min": 0,
					"max": 3
				},
				"dpF": {
					"total": 50,
					"avg": 2.1739130434782608,
					"med": 1,
					"min": 1,
					"max": 6
				}
			},
			"test": {
				"locM": {
					"total": null,
					"avg": null,
					"med": null,
					"min": null,
					"max": null
				},
				"loccM": {
					"total": null,
					"avg": null,
					"med": null,
					"min": null,
					"max": null
				},
				"loclM": {
					"total": null,
					"avg": null,
					"med": null,
					"min": null,
					"max": null
				},
				"ccM": {
					"total": null,
					"avg": null,
					"med": null,
					"min": null,
					"max": null
				},
				"hbugsM": {
					"total": null,
					"avg": null,
					"med": null,
					"min": null,
					"max": null
				},
				"hdiffM": {
					"total": null,
					"avg": null,
					"med": null,
					"min": null,
					"max": null
				},
				"heffortM": {
					"total": null,
					"avg": null,
					"med": null,
					"min": null,
					"max": null
				},
				"hlengthM": {
					"total": null,
					"avg": null,
					"med": null,
					"min": null,
					"max": null
				},
				"htimeM": {
					"total": null,
					"avg": null,
					"med": null,
					"min": null,
					"max": null
				},
				"hvocabM": {
					"total": null,
					"avg": null,
					"med": null,
					"min": null,
					"max": null
				},
				"hvolM": {
					"total": null,
					"avg": null,
					"med": null,
					"min": null,
					"max": null
				},
				"paramM": {
					"total": null,
					"avg": null,
					"med": null,
					"min": null,
					"max": null
				},
				"maintainM": {
					"total": null,
					"avg": null,
					"med": null,
					"min": null,
					"max": null
				},
				"dpM": {
					"total": null,
					"avg": null,
					"med": null,
					"min": null,
					"max": null
				},
				"noFpM": {
					"total": null,
					"avg": null,
					"med": null,
					"min": null,
					"max": null
				},
				"ecM": {
					"total": null,
					"avg": null,
					"med": null,
					"min": null,
					"max": null
				},
				"acM": {
					"total": null,
					"avg": null,
					"med": null,
					"min": null,
					"max": null
				},
				"mcM": {
					"total": null,
					"avg": null,
					"med": null,
					"min": null,
					"max": null
				},
				"locF": {
					"total": null,
					"avg": null,
					"med": null,
					"min": null,
					"max": null
				},
				"loclF": {
					"total": null,
					"avg": null,
					"med": null,
					"min": null,
					"max": null
				},
				"ccF": {
					"total": null,
					"avg": null,
					"med": null,
					"min": null,
					"max": null
				},
				"hbugsF": {
					"total": null,
					"avg": null,
					"med": null,
					"min": null,
					"max": null
				},
				"hdiffF": {
					"total": null,
					"avg": null,
					"med": null,
					"min": null,
					"max": null
				},
				"heffortF": {
					"total": null,
					"avg": null,
					"med": null,
					"min": null,
					"max": null
				},
				"hlengthF": {
					"total": null,
					"avg": null,
					"med": null,
					"min": null,
					"max": null
				},
				"htimeF": {
					"total": null,
					"avg": null,
					"med": null,
					"min": null,
					"max": null
				},
				"hvocabF": {
					"total": null,
					"avg": null,
					"med": null,
					"min": null,
					"max": null
				},
				"hvolF": {
					"total": null,
					"avg": null,
					"med": null,
					"min": null,
					"max": null
				},
				"paramF": {
					"total": null,
					"avg": null,
					"med": null,
					"min": null,
					"max": null
				},
				"dpF": {
					"total": null,
					"avg": null,
					"med": null,
					"min": null,
					"max": null
				}
			}
		},
		"petruisfan/node-supervisor": {
			"source": {
				"noM": {
					"total": 2
				},
				"locM": {
					"total": 533,
					"avg": 266.5,
					"med": 266.5,
					"min": 13,
					"max": 520
				},
				"loccM": {
					"total": 33,
					"avg": 16.5,
					"med": 16.5,
					"min": 0,
					"max": 33
				},
				"loclM": {
					"total": 512,
					"avg": 256,
					"med": 256,
					"min": 18,
					"max": 494
				},
				"ccM": {
					"total": 163,
					"avg": 81.5,
					"med": 81.5,
					"min": 3,
					"max": 160
				},
				"hbugsM": {
					"total": 4.83,
					"avg": 2.415,
					"med": 2.415,
					"min": 0.091,
					"max": 4.739
				},
				"hdiffM": {
					"total": 49.077,
					"avg": 24.5385,
					"med": 24.5385,
					"min": 6,
					"max": 43.077
				},
				"heffortM": {
					"total": 614113.401,
					"avg": 307056.7005,